{
  "selected_experiment": "best_from_phase1_or2_plus_cosine_clip",
  "selected_seed": 52,
  "baseline_val_metrics": {
    "Recall@5": 0.1461377888917923,
    "Recall@10": 0.23382045328617096,
    "Recall@20": 0.3256784975528717,
    "MRR": 0.09181910008192062
  },
  "baseline_test_metrics": {
    "Recall@5": 0.13778705894947052,
    "Recall@10": 0.19206680357456207,
    "Recall@20": 0.29436326026916504,
    "MRR": 0.09502366185188293
  },
  "final_val_metrics": {
    "Recall@5": 0.1795407086610794,
    "Recall@10": 0.26722338795661926,
    "Recall@20": 0.37578287720680237,
    "MRR": 0.12437424808740616
  },
  "test_metrics": {
    "Recall@5": 0.16283924877643585,
    "Recall@10": 0.22964508831501007,
    "Recall@20": 0.30897703766822815,
    "MRR": 0.10696201771497726
  },
  "strict": {
    "rule": "mentions<=1 and related<=1",
    "pruned_entities": 1778,
    "pruned_share": 0.6097393689986282,
    "baseline_val": {
      "Recall@5": 0.15031315240083507,
      "Recall@10": 0.25260960334029225,
      "Recall@20": 0.3277661795407098,
      "MRR": 0.09405515651428997
    },
    "baseline_test": {
      "Recall@5": 0.14613778705636743,
      "Recall@10": 0.20041753653444677,
      "Recall@20": 0.2776617954070981,
      "MRR": 0.10095001643803334
    },
    "gnn_val": {
      "Recall@5": 0.18789144050104384,
      "Recall@10": 0.27348643006263046,
      "Recall@20": 0.3444676409185804,
      "MRR": 0.12318629996301021
    },
    "gnn_test": {
      "Recall@5": 0.1732776617954071,
      "Recall@10": 0.2150313152400835,
      "Recall@20": 0.30062630480167013,
      "MRR": 0.11361412923334502
    }
  },
  "medium": {
    "rule": "mentions<=1 and related<=2",
    "pruned_entities": 2054,
    "pruned_share": 0.7043895747599451,
    "baseline_val": {
      "Recall@5": 0.16910229645093947,
      "Recall@10": 0.24634655532359082,
      "Recall@20": 0.3173277661795407,
      "MRR": 0.09834317800655783
    },
    "baseline_test": {
      "Recall@5": 0.13987473903966596,
      "Recall@10": 0.20250521920668058,
      "Recall@20": 0.2588726513569937,
      "MRR": 0.09279960630047494
    },
    "gnn_val": {
      "Recall@5": 0.19832985386221294,
      "Recall@10": 0.2651356993736952,
      "Recall@20": 0.33820459290187893,
      "MRR": 0.12257535437185531
    },
    "gnn_test": {
      "Recall@5": 0.16075156576200417,
      "Recall@10": 0.21085594989561587,
      "Recall@20": 0.29227557411273486,
      "MRR": 0.10951149536584867
    }
  },
  "soft": {
    "rule": "mentions<=1 and related==0",
    "pruned_entities": 40,
    "pruned_share": 0.013717421124828532,
    "baseline_val": {
      "Recall@5": 0.14613778705636743,
      "Recall@10": 0.23173277661795408,
      "Recall@20": 0.325678496868476,
      "MRR": 0.0915911727571551
    },
    "baseline_test": {
      "Recall@5": 0.13569937369519833,
      "Recall@10": 0.18997912317327767,
      "Recall@20": 0.29018789144050106,
      "MRR": 0.09434292789142298
    },
    "gnn_val": {
      "Recall@5": 0.17954070981210857,
      "Recall@10": 0.2651356993736952,
      "Recall@20": 0.3736951983298539,
      "MRR": 0.12406118449615218
    },
    "gnn_test": {
      "Recall@5": 0.162839248434238,
      "Recall@10": 0.22964509394572025,
      "Recall@20": 0.3068893528183716,
      "MRR": 0.10667138500555938
    }
  }
}