{
  "mode": "recall_hunt",
  "split_seed": 52,
  "phase2_seeds": [
    42,
    52,
    62
  ],
  "selection_metric": "Recall@20",
  "selected_experiment": "cfgA_control_tail_boost",
  "selected_seed": 52,
  "recall_target": 0.4,
  "guardrails": {
    "recall_min_improvement": 0.005,
    "mrr_drop_guardrail": 0.005,
    "val_r20_std_threshold": 0.02
  },
  "coverage_diagnostics": {
    "oracle_recall@20_val": 0.2972972972972973,
    "oracle_recall@20_test": 0.27115384615384613,
    "hard_pool_hit_rate@20_val": 0.525096525096525,
    "hard_pool_hit_rate@20_test": 0.5038461538461538
  },
  "baseline_val_metrics": {
    "Recall@5": 0.13899613916873932,
    "Recall@10": 0.22007721662521362,
    "Recall@20": 0.29729729890823364,
    "MRR": 0.09961849451065063
  },
  "baseline_test_metrics": {
    "Recall@5": 0.11153846234083176,
    "Recall@10": 0.1846153885126114,
    "Recall@20": 0.27115383744239807,
    "MRR": 0.0832548514008522
  },
  "final_val_metrics": {
    "Recall@5": 0.18918919563293457,
    "Recall@10": 0.2567567527294159,
    "Recall@20": 0.3629343509674072,
    "MRR": 0.13200423121452332
  },
  "test_metrics": {
    "Recall@5": 0.14038461446762085,
    "Recall@10": 0.23461538553237915,
    "Recall@20": 0.3499999940395355,
    "MRR": 0.10893846303224564
  },
  "experiment_results": [
    {
      "name": "cfgA_control_tail_boost",
      "seed": 42,
      "val_metrics": {
        "Recall@5": 0.17953668534755707,
        "Recall@10": 0.26447877287864685,
        "Recall@20": 0.3571428656578064,
        "MRR": 0.1293446570634842
      },
      "test_metrics": {
        "Recall@5": 0.15000000596046448,
        "Recall@10": 0.24038460850715637,
        "Recall@20": 0.35384616255760193,
        "MRR": 0.11064696311950684
      },
      "residual_weights": {
        "chunk": 0.878908634185791,
        "entity": 0.8787534832954407
      }
    },
    {
      "name": "cfgA_control_tail_boost",
      "seed": 52,
      "val_metrics": {
        "Recall@5": 0.18918919563293457,
        "Recall@10": 0.2567567527294159,
        "Recall@20": 0.3629343509674072,
        "MRR": 0.13200423121452332
      },
      "test_metrics": {
        "Recall@5": 0.14038461446762085,
        "Recall@10": 0.23461538553237915,
        "Recall@20": 0.3499999940395355,
        "MRR": 0.10893846303224564
      },
      "residual_weights": {
        "chunk": 0.8788848519325256,
        "entity": 0.878764808177948
      }
    },
    {
      "name": "cfgA_control_tail_boost",
      "seed": 62,
      "val_metrics": {
        "Recall@5": 0.17760618031024933,
        "Recall@10": 0.2528957426548004,
        "Recall@20": 0.35907337069511414,
        "MRR": 0.1273663491010666
      },
      "test_metrics": {
        "Recall@5": 0.13269230723381042,
        "Recall@10": 0.23653845489025116,
        "Recall@20": 0.3480769097805023,
        "MRR": 0.10662148147821426
      },
      "residual_weights": {
        "chunk": 0.879340648651123,
        "entity": 0.8791422843933105
      }
    },
    {
      "name": "cfgB_coverage_plus",
      "seed": 42,
      "val_metrics": {
        "Recall@5": 0.17953668534755707,
        "Recall@10": 0.2664092779159546,
        "Recall@20": 0.35907337069511414,
        "MRR": 0.12927629053592682
      },
      "test_metrics": {
        "Recall@5": 0.14807692170143127,
        "Recall@10": 0.23846153914928436,
        "Recall@20": 0.35576921701431274,
        "MRR": 0.11018411070108414
      },
      "residual_weights": {
        "chunk": 0.8788890838623047,
        "entity": 0.878735363483429
      }
    },
    {
      "name": "cfgB_coverage_plus",
      "seed": 52,
      "val_metrics": {
        "Recall@5": 0.18725869059562683,
        "Recall@10": 0.25482624769210815,
        "Recall@20": 0.3629343509674072,
        "MRR": 0.13035692274570465
      },
      "test_metrics": {
        "Recall@5": 0.14038461446762085,
        "Recall@10": 0.23653845489025116,
        "Recall@20": 0.3499999940395355,
        "MRR": 0.10776534676551819
      },
      "residual_weights": {
        "chunk": 0.8788899183273315,
        "entity": 0.8787681460380554
      }
    },
    {
      "name": "cfgB_coverage_plus",
      "seed": 62,
      "val_metrics": {
        "Recall@5": 0.17760618031024933,
        "Recall@10": 0.25868725776672363,
        "Recall@20": 0.35907337069511414,
        "MRR": 0.1309725046157837
      },
      "test_metrics": {
        "Recall@5": 0.13846154510974884,
        "Recall@10": 0.23653845489025116,
        "Recall@20": 0.35384616255760193,
        "MRR": 0.10762189328670502
      },
      "residual_weights": {
        "chunk": 0.8792603611946106,
        "entity": 0.8790560960769653
      }
    },
    {
      "name": "cfgC_coverage_plus_plus",
      "seed": 42,
      "val_metrics": {
        "Recall@5": 0.1853281855583191,
        "Recall@10": 0.25868725776672363,
        "Recall@20": 0.3571428656578064,
        "MRR": 0.1259690821170807
      },
      "test_metrics": {
        "Recall@5": 0.15000000596046448,
        "Recall@10": 0.24038460850715637,
        "Recall@20": 0.3499999940395355,
        "MRR": 0.10424255579710007
      },
      "residual_weights": {
        "chunk": 0.8794293999671936,
        "entity": 0.8793138861656189
      }
    },
    {
      "name": "cfgC_coverage_plus_plus",
      "seed": 52,
      "val_metrics": {
        "Recall@5": 0.19111968576908112,
        "Recall@10": 0.24903474748134613,
        "Recall@20": 0.35907337069511414,
        "MRR": 0.13005788624286652
      },
      "test_metrics": {
        "Recall@5": 0.14807692170143127,
        "Recall@10": 0.24423076212406158,
        "Recall@20": 0.3442307710647583,
        "MRR": 0.10833755880594254
      },
      "residual_weights": {
        "chunk": 0.8792600631713867,
        "entity": 0.8791816234588623
      }
    },
    {
      "name": "cfgC_coverage_plus_plus",
      "seed": 62,
      "val_metrics": {
        "Recall@5": 0.18339768052101135,
        "Recall@10": 0.26061776280403137,
        "Recall@20": 0.3629343509674072,
        "MRR": 0.13016560673713684
      },
      "test_metrics": {
        "Recall@5": 0.14807692170143127,
        "Recall@10": 0.23846153914928436,
        "Recall@20": 0.3519230782985687,
        "MRR": 0.10806140303611755
      },
      "residual_weights": {
        "chunk": 0.8793444037437439,
        "entity": 0.879177987575531
      }
    },
    {
      "name": "cfgD_stability",
      "seed": 42,
      "val_metrics": {
        "Recall@5": 0.1756756752729416,
        "Recall@10": 0.26061776280403137,
        "Recall@20": 0.3610038757324219,
        "MRR": 0.12873829901218414
      },
      "test_metrics": {
        "Recall@5": 0.14038461446762085,
        "Recall@10": 0.24230769276618958,
        "Recall@20": 0.3519230782985687,
        "MRR": 0.10952705889940262
      },
      "residual_weights": {
        "chunk": 0.8788182735443115,
        "entity": 0.8786553740501404
      }
    },
    {
      "name": "cfgD_stability",
      "seed": 52,
      "val_metrics": {
        "Recall@5": 0.18918919563293457,
        "Recall@10": 0.24903474748134613,
        "Recall@20": 0.35907337069511414,
        "MRR": 0.1303197145462036
      },
      "test_metrics": {
        "Recall@5": 0.13846154510974884,
        "Recall@10": 0.23461538553237915,
        "Recall@20": 0.3519230782985687,
        "MRR": 0.10506932437419891
      },
      "residual_weights": {
        "chunk": 0.8789498805999756,
        "entity": 0.8788259625434875
      }
    },
    {
      "name": "cfgD_stability",
      "seed": 62,
      "val_metrics": {
        "Recall@5": 0.17953668534755707,
        "Recall@10": 0.25482624769210815,
        "Recall@20": 0.3629343509674072,
        "MRR": 0.12842947244644165
      },
      "test_metrics": {
        "Recall@5": 0.13846154510974884,
        "Recall@10": 0.23461538553237915,
        "Recall@20": 0.3499999940395355,
        "MRR": 0.10636909306049347
      },
      "residual_weights": {
        "chunk": 0.8791804313659668,